<!--
   Licensed to the Apache Software Foundation (ASF) under one
   or more contributor license agreements.  See the NOTICE file
   distributed with this work for additional information
   regarding copyright ownership.  The ASF licenses this file
   to you under the Apache License, Version 2.0 (the
   "License"); you may not use this file except in compliance
   with the License.  You may obtain a copy of the License at

     http://www.apache.org/licenses/LICENSE-2.0

   Unless required by applicable law or agreed to in writing,
   software distributed under the License is distributed on an
   "AS IS" BASIS, WITHOUT WARRANTIES OR CONDITIONS OF ANY
   KIND, either express or implied.  See the License for the
   specific language governing permissions and limitations
   under the License.    
-->
<ivysettings>
    <!-- Load the properties where is defined the eclipse location -->
    <properties file="ivysettings.properties" />

    <!-- We need to define the Ivy Osgi latest strategy as the default one -->
    <settings defaultResolver="eclipse" defaultLatestStrategy="latest-osgi" />

    <!-- These are usual cache setup -->
    <caches resolutionCacheDir="${ivy.settings.dir}/cache/resolution" useOrigin="true">
        <cache name="eclipse" basedir="${ivy.settings.dir}/cache/eclipse" />
    </caches>

    <!-- We just need to define our Ivy OSGi resolver -->
    <resolvers>
        <obr name="eclipse" repoXmlFile="${ivy.settings.dir}/target/repo-eclipse.xml" />
    </resolvers>

</ivysettings>
